"term","meaning_ja","pos","level","entry_type","example_sentence","example_translation_ja"
"물","水","noun","1","word","‹물› 한 잔 주세요.","‹水›を一杯ください。"
"불","火","noun","2","word","‹불›을 조심하세요.","‹火›に気をつけてください。"
"바람","風","noun","1","word","‹바람›이 많이 불어요.","‹風›が強く吹いています。"
"하늘","空","noun","1","word","‹하늘›이 정말 파랗네요.","‹空›が本当に青いですね。"
"땅","土・地面","noun","1","word","‹땅›에 주저앉았어요.","‹地面›に座り込みました。"
"산","山","noun","1","word","주말에 ‹산›에 가요.","週末に‹山›に行きます。"
"바다","海","noun","2","word","여름에는 ‹바다›에 가고 싶어요.","夏には‹海›に行きたいです。"
"강","川","noun","2","word","‹강›가에서 산책을 해요.","‹川›のほとりで散歩をします。"
"숲","森","noun","3","word","‹숲›길을 천천히 걸었어요.","‹森›の道をゆっくり歩きました。"
"길","道","noun","1","word","집으로 가는 ‹길›이에요.","家へ帰る‹道›です。"
"문","ドア","noun","1","word","‹문›을 닫아 주세요.","‹ドア›を閉めてください。"
"창문","窓","noun","1","word","‹창문›을 열까요?","‹窓›を開けましょうか？"
"침대","ベッド","noun","1","word","‹침대›에서 잠을 자요.","‹ベッド›で眠ります。"
"책상","机","noun","1","word","‹책상› 위에 책이 있어요.","‹机›の上に本があります。"
"의자","椅子","noun","1","word","‹의자›에 앉으세요.","‹椅子›に座ってください。"
"벽","壁","noun","2","word","‹벽›에 사진을 붙였어요.","‹壁›に写真を貼りました。"
"천장","天井","noun","3","word","‹천장›에 조명이 달려 있어요.","‹天井›に照明がついています。"
"바닥","床","noun","2","word","‹바닥›이 조금 차が워요.","‹床›が少し冷たいです。"
"화장실","トイレ","noun","1","word","‹화장실›이 어디예요?","‹トイレ›はどこですか？"
"부엌","台所","noun","2","word","‹부엌›에서 요리를 해요.","‹台所›で料理をします。"
"침실","寝室","noun","2","word","여기는 제가 자는 ‹침실›이에요.","ここは私が寝る‹寝室›です。"
"거실","居間","noun","2","word","‹거실›에서 TV를 봐요.","‹居間›でテレビを見ます。"
"옷","服","noun","1","word","이 ‹옷›을 입어 보세요.","この‹服›を着てみてください。"
"바지","ズボン","noun","1","word","이 ‹바지›는 너무 길어요.","この‹ズボン›は長すぎます。"
"신발","靴","noun","1","word","새 ‹신발›을 샀어요.","新しい‹靴›を買いました。"
"모자","帽子","noun","1","word","‹모자›를 쓰고 나가요.","‹帽子›をかぶって出かけます。"
"가방","かばん","noun","1","word","‹가방› 안에 지갑이 있어요.","‹かばん›の中に財布があります。"
"시계","時計","noun","1","word","벽‹시계›가 고장 났어요.","壁‹時計›が故障しました。"
"안경","眼鏡","noun","2","word","‹안경›을 써야 잘 보여요.","‹眼鏡›をかけないとよく見えません。"
"열쇠","鍵","noun","2","word","집 ‹열쇠›를 잃어버렸어요.","家の‹鍵›を失くしました。"
"돈","お金","noun","1","word","‹돈›이 모자라요.","‹お金›が足りません。"
"카드","カード","noun","2","word","‹카드›로 계산할게요.","‹カード›で計算します。"
"편지","手紙","noun","2","word","친구에게 ‹편지›를 썼어요.","友達に‹手紙›を書きました。"
"사진","写真","noun","1","word","‹사진›을 찍어 줄까요?","‹写真›を撮ってあげましょうか？"
"그림","絵","noun","2","word","아이들이 ‹그림›을 그려요.","子供たちが‹絵›を描きます。"
"소리","音","noun","2","word","텔레비전 ‹소리›가 커요.","テレビの‹音›が大きいです。"
"빛","光","noun","3","word","햇‹빛›이 눈부셔요.","太陽の‹光›がまぶしいです。"
"그림자","影","noun","4","word","햇빛 때문에 ‹그림자›가 생겼어요.","日差しのせいで‹影›ができました。"
"냄새","におい","noun","3","word","맛있는 ‹냄새›가 나요.","いい‹匂い›がします。"
"맛","味","noun","1","word","음식 ‹맛›이 어때요?","料理の‹味›はどうですか？"
"색","色","noun","1","word","좋아하는 ‹색›이 뭐예요?","好きな‹色›は何ですか？"
"모양","形","noun","3","word","하트 ‹모양› 케이크를 샀어요.","ハートの‹形›のケーキを買いました。"
"크기","大きさ","noun","3","word","‹크기›가 딱 적당해요.","‹大きさ›がちょうどいいです。"
"무게","重さ","noun","4","word","이 가방은 ‹무게›가 가벼워요.","このバッグは‹重さ›が軽いです。"
"아침","朝","noun","1","word","‹아침›을 매일 먹어요.","‹朝食›を毎日食べます。"
"점심","昼","noun","1","word","‹점심›에 같이 밥 먹을까요?","‹昼食›に一緒にご飯食べましょうか？"
"저녁","晩","noun","1","word","‹저녁›에 만나요.","‹晩（夜）›に会いましょう。"
"밤","夜","noun","1","word","‹밤›에는 일찍 자요.","‹夜›は早く寝ます。"
"낮","昼間","noun","2","word","‹낮›잠을 조금 잤어요.","‹昼›寝を少ししました。"
"일주일","1週間","noun","2","word","벌써 ‹일주일›이 지났네요.","もう‹1週間›が過ぎましたね。"
"달","月","noun","1","word","이번 ‹달›은 정말 바빠요.","今‹月›は本当に忙しいです。"
"해","太陽","noun","2","word","‹해›가 일찍 뜨네요.","‹日›が早く昇りますね。"
"별","星","noun","2","word","밤하늘에 ‹별›이 많아요.","夜空に‹星›が多いです。"
"구름","雲","noun","2","word","하늘에 ‹구름›이 꼈어요.","空に‹雲›が出ています。"
"비","雨","noun","1","word","내일 ‹비›가 올까요?","明日‹雨›が降るでしょうか？"
"눈","雪","noun","1","word","어제 ‹눈›이 내렸어요.","昨日‹雪›が降りました。"
"봄","春","noun","2","word","따뜻한 ‹봄›이 왔어요.","暖かい‹春›が来ました。"
"여름","夏","noun","2","word","한국의 ‹여름›은 더워요.","韓国の‹夏›は暑いです。"
"가을","秋","noun","2","word","‹가을›은 독서의 계절이에요.","‹秋›は読書の季節です。"
"겨울","冬","noun","2","word","추운 ‹겨울›을 좋아해요.","寒い‹冬›が好きです。"
"학교","学校","noun","1","word","‹학교›에 가요.","‹学校›に行きます。"
"회사","会社","noun","1","word","‹회사›가 몇 시에 끝나요?","‹会社›は何時に終わりますか？"
"집","家","noun","1","word","지금 ‹집›에 가고 있어요.","今‹家›に帰っています。"
"역","駅","noun","1","word","강남‹역›에서 내려요.","江南‹駅›で降ります。"
"공항","空港","noun","3","word","‹공항›에 마중을 나가요.","‹空港›に迎えに行きます。"
"병원","病院","noun","2","word","감기에 걸려서 ‹병원›에 갔어요.","風邪を引いて‹病院›に行きました。"
"약국","薬局","noun","3","word","근처에 ‹약국›이 있나요?","近くに‹薬局›はありますか？"
"은행","銀行","noun","2","word","‹은행›에서 돈을 찾았어요.","‹銀行›でお金をおろしました。"
"마트","スーパー","noun","2","word","집 앞 ‹마트›에서 장을 봐요.","家の前の‹スーパー›で買い物をします。"
"카페","カフェ","noun","1","word","‹카페›에서 커피를 마셔요.","‹カフェ›でコーヒーを飲みます。"
"식당","食堂","noun","1","word","이 ‹식당› 음식이 맛있어요.","この‹食堂›の料理がおいしいです。"
"공원","公園","noun","2","word","‹공원›에서 산책을 해요.","‹公園›で散歩をします。"
"박물관","博物館","noun","4","word","‹박물관›을 관람했어요.","‹博物館›を観覧しました。"
"도서관","図書館","noun","2","word","‹도서관›에서 책을 빌려요.","‹図書館›で本を借ります。"
"극장","劇場","noun","3","word","영화를 보러 ‹극장›에 가요.","映画を見に‹劇場›に行きます。"
"운동장","運動場","noun","3","word","‹운동장›에서 공을 차요.","‹運動場›でボールを蹴ります。"
"수영장","プール","noun","3","word","‹수영장›에서 수영을 배워요.","‹プール›で水泳を習います。"
"공장","工場","noun","4","word","이 ‹공장›에서는 차를 만들어요.","この‹工場›では車を作っています。"
"사고","事故","noun","3","word","교통‹사고›를 조심해야 해요.","交通‹事故›に気をつけなければなりません。"
"선물","贈り物","noun","2","word","생일 ‹선물›을 받았어요.","誕生日‹プレゼント›をもらいました。"
"약속","約束","noun","2","word","내일 친구와 ‹약속›이 있어요.","明日友達と‹約束›があります。"
"회의","会議","noun","3","word","오후에 중요한 ‹회의›가 있어요.","午後に重要な‹会議›があります。"
"여행","旅行","noun","2","word","제주도로 ‹여행›을 가요.","済州島に‹旅行›に行きます。"
"휴가","休暇","noun","3","word","이번 ‹휴가›는 어디로 가요?","今回の‹休暇›はどこへ行きますか？"
"꿈","夢","noun","2","word","좋은 ‹꿈› 꾸세요.","いい‹夢›を見てください。"
"희망","希望","noun","3","word","‹희망›을 가지세요.","‹希望›を持ってください。"
"걱정","心配","noun","2","word","너무 ‹걱정›하지 마세요.","あまり‹心配›しないでください。"
"기쁨","喜び","noun","3","word","합격 소식에 ‹기쁨›이 컸어요.","合格の知らせに‹喜び›が大きかったです。"
"슬픔","悲しみ","noun","3","word","‹슬픔›을 이겨냈어요.","‹悲しみ›を乗り越えました。"
"화","怒り","noun","3","word","‹화›가 나도 참으세요.","‹腹›が立っても我慢してください。"
"사랑","愛","noun","2","word","‹사랑›을 전하세요.","‹愛›を伝えてください。"
"우정","友情","noun","4","word","오래된 친구와 ‹우정›을 나눠요.","古い友人と‹友情›を分かち合います。"
"가족","家族","noun","1","word","‹가족›이 몇 명이에요?","‹家族›は何人ですか？"
"형제","兄弟","noun","2","word","‹형제›가 있어요?","‹兄弟›はいますか？"
"먹다","食べる","verb","1","word","저는 밥을 ‹먹어요›.","私はご飯を‹食べます›。"
"마시다","飲む","verb","1","word","물을 ‹마셔요›.","水を‹飲みます›。"
"공부하다","勉強する","verb","1","word","한국어를 ‹공부해요›.","韓国語を‹勉強します›。"
"가다","行く","verb","1","word","학교에 ‹가요›.","学校に‹行きます›。"
"오다","来る","verb","1","word","집에 ‹와요›.","家に‹来ます›。"
"보다","見る","verb","1","word","영화를 ‹봐요›.","映画を‹見ます›。"
"만들다","作る","verb","2","word","샌드위치를 ‹만들었›어요.","サンドイッチを‹作り›ました。"
"듣다","聞く","verb","1","word","음악을 ‹듣›는 것을 좋아해요.","音楽を‹聴く›のが好きです。"
"읽다","読む","verb","1","word","책을 ‹읽›고 있어요.","本を‹読んで›います。"
"쓰다","書く","verb","1","word","일기를 매일 ‹써›요.","日記を毎日‹書き›ます。"
"말하다","話す","verb","2","word","천천히 ‹말해› 주세요.","ゆっくり‹話して›ください。"
"알다","知る","verb","1","word","저 사람을 ‹알›아요?","あの人を‹知って›いますか？"
"모르다","知らない","verb","1","word","이름을 잘 ‹모르›겠어요.","名前がよく‹分かり›ません。"
"생각하다","考える","verb","2","word","잠시 ‹생각해› 볼게요.","ちょっと‹考え›てみます。"
"느끼다","感じる","verb","3","word","가을이 온 것을 ‹느껴›요.","秋が来たことを‹感じ›ます。"
"사랑하다","愛する","verb","2","word","부모님을 ‹사랑해›요.","両親を‹愛して›います。"
"좋아하다","好きだ","verb","1","word","무슨 음식을 ‹좋아해›요?","何の料理が‹好き›ですか？"
"싫어하다","嫌いだ","verb","2","word","채소를 ‹싫어해›요.","野菜を‹嫌い›です。"
"도와주다","手伝う","verb","2","word","제가 좀 ‹도와줄›까요?","私が少し‹手伝い›ましょうか？"
"기다리다","待つ","verb","1","word","조금만 ‹기다려› 주세요.","少しだけ‹待って›ください。"
"만나다","会う","verb","1","word","내일 ‹만나›서 이야기해요.","明日‹会っ›て話しましょう。"
"떠나다","去る","verb","3","word","여행을 ‹떠나›고 싶어요.","旅行に‹出かけ›たいです。"
"도착하다","到着する","verb","2","word","집에 ‹도착하면› 연락할게요.","家に‹到着したら›連絡します。"
"시작하다","始める","verb","2","word","공부를 ‹시작했›어요.","勉強を‹始め›ました。"
"끝내다","終える","verb","3","word","숙제를 다 ‹끝냈›어요.","宿題を全部‹終え›ました。"
"계속하다","続ける","verb","3","word","포기하지 말고 ‹계속하›세요.","諦めずに‹続け›てください。"
"멈추다","止まる","verb","2","word","차가 ‹멈췄›어요.","車が‹止まり›ました。"
"열다","開ける","verb","1","word","문을 ‹열어› 놓으세요.","ドアを‹開けて›おいてください。"
"닫다","閉める","verb","1","word","창문을 ‹닫›을까요?","窓を‹閉め›ましょうか？"
"켜다","つける","verb","2","word","불을 ‹켜› 주세요.","電気を‹つけて›ください。"
"끄다","消す","verb","2","word","TV를 ‹끄›고 자요.","テレビを‹消し›て寝ます。"
"입다","着る","verb","1","word","코트를 ‹입›으세요.","コートを‹着›てください。"
"벗다","脱ぐ","verb","1","word","모자를 ‹벗›으세요.","帽子を‹脱い›でください。"
"씻다","洗う","verb","1","word","손을 깨끗이 ‹씻›어요.","手をきれいに‹洗い›ます。"
"자다","寝る","verb","1","word","일찍 ‹자›고 싶어요.","早く‹寝›たいです。"
"일어나다","起きる","verb","1","word","아침 일찍 ‹일어납›니다.","朝早く‹起き›ます。"
"일하다","働く","verb","1","word","열심히 ‹일해›요.","一生懸命‹働き›ます。"
"쉬다","休む","verb","1","word","잠시 ‹쉬›고 싶어요.","少し‹休み›たいです。"
"운동하다","運動する","verb","2","word","매일 ‹운동해›요.","毎日‹運動して›います。"
"노래하다","歌う","verb","2","word","노래방에서 ‹노래해›요.","カラオケで‹歌い›ます。"
"춤추다","踊る","verb","3","word","친구들과 ‹춤을 췄›어요.","友達と‹踊り›ました。"
"그리다","描く","verb","3","word","그림을 ‹그려›요.","絵を‹描き›ます。"
"사다","買う","verb","1","word","우유를 ‹사›러 가요.","牛乳を‹買い›に行きます。"
"팔다","売る","verb","3","word","사과를 ‹팔›아요.","りんごを‹売り›ます。"
"주다","あげる・くれる","verb","1","word","이것 좀 ‹주›세요.","これ（を）‹ください›。"
"받다","受け取る","verb","1","word","선물을 ‹받았›어요.","プレゼントを‹受け取り›ました。"
"찾다","探す","verb","2","word","안경을 ‹찾›고 있어요.","メガネを‹探し›ています。"
"잃다","失う","verb","3","word","희망을 ‹잃›지 마세요.","希望を‹失わ›ないでください。"
"잊다","忘れる","verb","2","word","약속을 ‹잊어버렸›어요.","約束を‹忘れて›しまいました。"
"기억하다","覚える","verb","2","word","제 번호를 ‹기억해›요?","私の番号を‹覚えて›いますか？"
"배우다","学ぶ","verb","1","word","한국어를 ‹배워›요.","韓国語を‹学び›ます。"
"가르치다","教える","verb","3","word","수학을 ‹가르쳐› 줘요.","数学を‹教えて›くれます。"
"질문하다","質問する","verb","2","word","궁금한 것을 ‹질문하›세요.","気になることを‹質問して›ください。"
"대답하다","答える","verb","2","word","질문에 ‹대답했›어요.","質問に‹答え›ました。"
"앉다","座る","verb","1","word","여기에 ‹앉으›세요.","ここに‹座って›ください。"
"서다","立つ","verb","1","word","버스에서 계속 ‹서› 있었어요.","バスでずっと‹立って›いました。"
"눕다","横になる","verb","3","word","피곤해서 ‹눕›고 싶어요.","疲れて‹横になり›たいです。"
"걷다","歩く","verb","1","word","집まで ‹걸어›서 가요.","家まで‹歩い›て帰ります。"
"뛰다","走る","verb","2","word","늦어서 열심히 ‹뛰었›어요.","遅れたので一生懸命‹走り›ました。"
"운전하다","運転する","verb","2","word","‹운전할› 수 있어요?","‹運転›できますか？"
"타다","乗る","verb","1","word","버스를 ‹타고› 가요.","バスに‹乗って›行きます。"
"내리다","降りる","verb","2","word","다음 역에서 ‹내려›요.","次の駅で‹降り›ます。"
"올라가다","上がる","verb","2","word","계단으로 ‹올라가›요.","階段で‹上がり›ます。"
"내려가다","下がる","verb","2","word","지하로 ‹내려가›세요.","地下へ‹下りて›ください。"
"들어가다","入る","verb","1","word","방에 ‹들어가›도 돼요?","部屋に‹入って›もいいですか？"
"나가다","出る","verb","1","word","잠시 밖에 ‹나가›요.","少し外に‹出›ます。"
"돌아오다","帰って来る","verb","2","word","언제 ‹돌아와›요?","いつ‹帰ってき›ますか？"
"돌아가다","帰る","verb","2","word","빨리 ‹돌아가›세요.","早く‹帰って›ください。"
"살다","住む","verb","1","word","어디에 ‹살›아요?","どこに‹住んで›いますか？"
"죽다","死ぬ","verb","4","word","화초가 ‹죽었›어요.","観葉植物が‹枯れ（死んで）›ました。"
"태어나다","生まれる","verb","3","word","조카가 ‹태어났›어요.","甥が‹生まれ›ました。"
"결혼하다","結婚する","verb","3","word","내년에 ‹결혼해›요.","来年‹結婚し›ます。"
"이혼하다","離婚する","verb","4","word","친구 부부가 ‹이혼했›어요.","友達の夫婦が‹離婚し›ました。"
"웃다","笑う","verb","1","word","방긋 ‹웃›어요.","にっこり‹笑い›ます。"
"울다","泣く","verb","2","word","아이가 ‹울›고 있어요.","子供が‹泣い›ています。"
"화내다","怒る","verb","3","word","자꾸 ‹화내›지 마세요.","しきりに‹怒ら›ないでください。"
"놀라다","驚く","verb","2","word","깜짝 ‹놀랐›어요!","びっくり‹しました›！"
"걱정하다","心配する","verb","2","word","시험을 ‹걱정해›요.","試験を‹心配して›います。"
"기대하다","期待する","verb","3","word","내일이 ‹기대돼›요.","明日が‹楽しみ（期待）›です。"
"후회하다","後悔する","verb","4","word","나중에 ‹후회하›지 마세요.","後で‹後悔›しないでください。"
"용서하다","許す","verb","4","word","친구를 ‹용서했›어요.","友達を‹許し›ました。"
"비교하다","比較する","verb","4","word","가격을 ‹비교해› 보고 사세요.","価格を‹比較し›てから買ってください。"
"선택하다","選ぶ","verb","3","word","메뉴를 ‹선택하›세요.","メニューを‹選んで›ください。"
"결정하다","決める","verb","3","word","갈지 말지 ‹결정했›어요?","行くか行かないか‹決め›ましたか？"
"준비하다","準備する","verb","2","word","파티를 ‹준비해›요.","パーティーを‹準備し›ます。"
"정리하다","片付ける","verb","2","word","방을 ‹정리해›요.","部屋を‹片付け›ます。"
"청소하다","掃除する","verb","2","word","같이 ‹청소할›까요?","一緒に‹掃除›しましょうか？"
"빨래하다","洗濯する","verb","2","word","옷을 ‹빨래했›어요.","服を‹洗濯し›ました。"
"요리하다","料理する","verb","2","word","맛있는 ‹요리를 해› 줘요.","美味しい‹料理を作って›くれます。"
"설명하다","説明する","verb","3","word","다시 ‹설명해› 주세요.","もう一度‹説明して›ください。"
"이해하다","理解する","verb","2","word","잘 ‹이해했›어요.","よく‹理解し›ました。"
"동의하다","同意する","verb","4","word","저도 ‹동의해›요.","私も‹同意（賛成）›します。"
"반대하다","反対する","verb","4","word","그 의견에 ‹반대해›요.","その意見に‹反対›します。"
"논의하다","議論する","verb","5","word","해결책을 ‹논의했›어요.","解決策を‹議論し›ました。"
"연습하다","練習する","verb","2","word","발음을 ‹연습해›요.","発音を‹練習し›ます。"
"시도하다","試みる","verb","3","word","새로운 것을 ‹시도해› 보세요.","新しいことを‹試してみて›ください。"
"포기하다","諦める","verb","3","word","절대 ‹포기하›지 마세요.","絶対に‹諦め›ないでください。"
"성공하다","成功する","verb","3","word","결국 ‹성공했›어요!","ついに‹成功し›ました！"
"실패하다","失敗する","verb","3","word","‹실패해›도 괜찮아요.","‹失敗し›ても大丈夫です。"
"이기다","勝つ","verb","3","word","우리 팀이 ‹이겼›어요!","私たちのチームが‹勝ち›ました！"
"지다","負ける","verb","3","word","게임에서 ‹졌›어요.","ゲームで‹負け›ました。"
"좋다","良い","adj","1","word","날씨가 ‹좋아요›.","天気が‹良いです›。"
"크다","大きい","adj","1","word","방이 ‹커요›.","部屋が‹大きいです›。"
"작다","小さい","adj","1","word","가방이 ‹작아요›.","かばんが‹小さいです›。"
"나쁘다","悪い","adj","1","word","기분이 ‹나빠›요.","気分が‹悪い›です。"
"맛있다","おいしい","adj","1","word","이 김밥은 참 ‹맛있›네요.","このキンパは本当に‹美味しい›ですね。"
"맛없다","まずい","adj","2","word","이 음식은 너무 ‹맛없›어요.","この料理は‹まずい›です。"
"덥다","暑い","adj","1","word","오늘 날씨が 정말 ‹더워›요.","今日の天気は本当に‹暑い›です。"
"춥다","寒い","adj","1","word","밖이 너무 ‹추워›요.","外がとても‹寒い›です。"
"따뜻하다","暖かい","adj","2","word","방이 ‹따뜻해›요.","部屋が‹暖かい›です。"
"시원하다","涼しい","adj","2","word","바람이 참 ‹시원해›요.","風が本当に‹涼しい›です。"
"밝다","明るい","adj","2","word","방이 아주 ‹밝네›요.","部屋がとても‹明るい›ですね。"
"어둡다","暗い","adj","2","word","길이 ‹어두워›요.","道が‹暗い›です。"
"깨끗하다","きれいだ","adj","2","word","방이 참 ‹깨끗해›요.","部屋がとても‹きれい›です。"
"더럽다","汚い","adj","2","word","손이 ‹더러워›요.","手が‹汚い›です。"
"쉽다","簡単だ","adj","2","word","한국어는 ‹쉬워›요.","韓国語は‹簡単›です。"
"어렵다","難しい","adj","2","word","문법이 ‹어려워›요.","文法が‹難しい›です。"
"빠르다","速い","adj","2","word","발이 정말 ‹빨라›요.","足が本当に‹速い›です。"
"느り다","遅い","adj","2","word","걸음이 ‹느려›요.","歩みが‹遅い›です。"
"가깝다","近い","adj","2","word","학교가 ‹가까워›요.","学校が‹近い›です。"
"멀다","遠い","adj","2","word","집이 너무 ‹멀›어요.","家がとても‹遠い›です。"
"많다","多い","adj","1","word","사람이 아주 ‹많›아요.","人がとても‹多い›です。"
"적다","少ない","adj","2","word","설탕을 ‹적게› 넣으세요.","砂糖を‹少なめに›入れてください。"
"비싸다","高い","adj","1","word","이 가방은 너무 ‹비싸›요.","このバッグは‹高すぎ›ます。"
"싸다","安い","adj","1","word","사과가 ‹싸›요.","りんごが‹安い›です。"
"무겁다","重い","adj","2","word","이 가방은 너무 ‹무거워›요.","このバッグは‹重すぎ›ます。"
"가볍다","軽い","adj","2","word","휴대폰이 참 ‹가벼워›요.","携帯電話が本当に‹軽い›です。"
"넓다","広い","adj","2","word","거실이 ‹넓어›요.","居間が‹広い›です。"
"좁다","狭い","adj","2","word","방이 너무 ‹좁›아요.","部屋が‹狭すぎ›ます。"
"높다","高い","adj","2","word","산이 아주 ‹높›아요.","山がとても‹高い›です。"
"낮다","低い","adj","3","word","온도가 ‹낮›아요.","温度が‹低い›です。"
"깊다","深い","adj","3","word","강이 ‹깊›으니 조심하세요.","川が‹深い›ので気をつけてください。"
"얕다","浅い","adj","4","word","물이 ‹얕›아서 건너기 쉬워요.","水が‹浅い›ので渡りやすいです。"
"부드럽다","柔らかい","adj","3","word","이 빵은 참 ‹부드러워›요.","このパンは本当に‹柔らかい›です。"
"딱딱하다","硬い","adj","3","word","떡이 ‹딱딱해›졌어요.","餅が‹硬く›なりました。"
"부럽다","羨ましい","adj","3","word","친구가 정말 ‹부러워›요.","友達が本当に‹羨ましい›です。"
"부끄럽다","恥ずかしい","adj","3","word","실수를 해서 ‹부끄러워›요.","ミスをして‹恥ずかしい›です。"
"외롭다","寂しい","adj","3","word","가끔 ‹외롭›다는 생각이 들어요.","時々‹寂しい›なと思います。"
"행복하다","幸福だ","adj","2","word","지금 너무 ‹행복해›요.","今とても‹幸せ›です。"
"슬프다","悲しい","adj","2","word","헤어질 때 너무 ‹슬펐›어요.","別れる時とても‹悲しかった›です。"
"무섭다","怖い","adj","2","word","밤길이 ‹무서워›요.","夜道が‹怖い›です。"
"재미있다","面白い","adj","1","word","이 영화 ‹재미있›어요.","この映画‹面白い›です。"
"재미없다","つまらない","adj","2","word","게임이 ‹재미없›어요.","ゲームが‹つまらない›です。"
"바쁘다","忙しい","adj","2","word","오늘은 너무 ‹바빠›요.","今日はとても‹忙しい›です。"
"편하다","楽だ","adj","3","word","운동화が 참 ‹편해›요.","運動靴が本当に‹楽›です。"
"불편하다","不便だ","adj","3","word","의자가 ‹불편해›요.","椅子が‹不便›です。"
"빨리","早く","adv","1","word","‹빨리› 와요.","‹早く›来てください。"
"천천히","ゆっくり","adv","1","word","‹천천히› 말해 주세요.","‹ゆっくり›話してください。"
"항상","いつも","adv","2","word","‹항상› 고마워요.","‹いつも›ありがとう。"
"자주","よく","adv","2","word","여기에 ‹자주› 와요.","ここに‹よく›来ます。"
"가끔","時々","adv","2","word","‹가끔› 한국 음식을 먹어요.","‹時々›韓国料理を食べます。"
"거의","ほとんど","adv","3","word","숙제를 ‹거의› 다 했어요.","宿題を‹ほとんど›終えました。"
"전혀","全然","adv","3","word","‹전혀› 모르겠어요.","‹全然›分かりません。"
"아주","とても","adv","1","word","음식이 ‹아주› 맛있어요.","料理が‹とても›おいしいです。"
"정말","本当に","adv","2","word","‹정말› 맛있어요.","‹本当に›おいしいです。"
"너무","とても（過度に）","adv","2","word","‹너무› 피곤해요.","‹とても›疲れています。"
"조금","少し","adv","1","word","‹조금› 매워요.","‹少し›辛いです。"
"많이","たくさん","adv","1","word","‹많이› 드세요.","‹たくさん›召し上がってください。"
"같이","一緒に","adv","1","word","우리 ‹같이› 가요.","私たち‹一緒›に行きましょう。"
"혼자","一人で","adv","2","word","영화를 ‹혼자› 봐요.","映画を‹一人で›見ます。"
"벌써","もう","adv","2","word","시간이 ‹벌써› 이렇게 됐네요.","時間が‹もう›こんなになったんですね。"
"아직","まだ","adv","2","word","‹아직› 준비가 안 됐어요.","‹まだ›準備ができていません。"
"곧","すぐ","adv","2","word","버스가 ‹곧› 올 거예요.","バスが‹すぐ›来るはずです。"
"나중에","あとで","adv","2","word","‹나중에› 만나요.","‹後で›会いましょう。"
"먼저","先に","adv","2","word","‹먼저› 가세요.","‹先に›行ってください。"
"바로","すぐに","adv","2","word","지금 ‹바로› 갈게요.","今‹すぐ›行きます。"
"특히","特に","adv","3","word","과일을 좋아하는데 ‹특히› 사과를 좋아해요.","果物が好きですが、‹特に›りんごが好きです。"
"보통","普通","adv","3","word","‹보통› 7시에 일어나요.","‹普通›7時に起きます。"
"계속","ずっと（継続して）","adv","4","word","‹계속› 공부하고 있어요.","‹ずっと›勉強しています。"
"만약","もし","adv","4","word","‹만약› 시간이 있으면 연락해 주세요.","‹もし›時間があれば連絡してください。"
"반드시","必ず","adv","5","word","약은 ‹반드시› 식후에 드세요.","薬は‹必ず›食後に飲んでください。"
"대체로","概して","adv","6","word","‹대체로› 사람들은 친절해요.","‹概して›人々は親切です。"
"은","主題助詞（は）","particle","2","word","이 책‹은› 제 것이에요.","この本‹は›私のものです。"
"는","主題助詞（は）","particle","1","word","저‹는› 학생입니다.","私‹は›学生です。"
"가","主格助詞（が）","particle","1","word","사과‹가› 맛있어요.","りんご‹が›おいしいです。"
"이","主格助詞（が）","particle","1","word","물‹이› 시원해요.","水‹が›冷たいです。"
"을","目的格助詞（を）","particle","1","word","밥‹을› 먹어요.","ご飯‹を›食べます。"
"를","目的格助詞（を）","particle","1","word","노래‹를› 불러요.","歌‹を›歌います。"
"에","場所・時間の助詞（に）","particle","1","word","집‹에› 있어요.","家‹に›います。"
"에서","場所の助詞（で）","particle","1","word","학교‹에서› 공부해요.","学校‹で›勉強します。"
"로","へ・で","particle","2","word","교실‹로› 들어가세요.","教室‹へ›入ってください。"
"의","〜の（所有・連体）","particle","2","word","친구‹의› 집에 갔어요.","友達‹の›家に行きました。"
"와","と","particle","2","word","커피‹와› 빵을 먹어요.","コーヒー‹と›パンを食べます。"
"과","と","particle","2","word","친구‹과› 만나요.","友達‹と›会います。"
"와/과","〜と（並列）","particle","2","word","친구‹와› 영화관에 갔어요.","友達‹と›映画館に行きました。"
"도","も","particle","2","word","저‹도› 가고 싶어요.","私‹も›行きたいです。"
"만","だけ","particle","2","word","물‹만› 마셔요.","水‹だけ›飲みます。"
"부터","から","particle","2","word","몇 시‹부터› 시작해요?","何時‹から›始まりますか？"
"까지","まで","particle","2","word","여기‹까지› 오세요.","ここ‹まで›来てください。"
"에게","に（人へ）","particle","3","word","동생‹에게› 선물을 줬어요.","弟‹に›プレゼントをあげました。"
"한테","に（口語）","particle","2","word","누구‹한테› 물어볼까요?","誰‹に›聞きましょうか？"
"나","私","pronoun","1","word","‹나›는 한국어 학생이야.","‹私›は韓国語の学生だよ。"
"저","私（謙譲）","pronoun","1","word","‹저›는 일본 사람입니다.","‹私›は日本人です。"
"우리","私たち","pronoun","1","word","‹우리› 같이 놀아요.","‹私たち›一緒に遊びましょう。"
"그","彼","pronoun","2","word","‹그›는 정말 친절해요.","‹彼›は本当に親切です。"
"그녀","彼女","pronoun","2","word","‹그녀›는 제 선생님이에요.","‹彼女›は私の先生です。"
"이것","これ","pronoun","1","word","‹이것›은 뭐예요?","‹これ›は何ですか？"
"그것","それ","pronoun","1","word","‹그것› 좀 보여 주세요.","‹それ›をちょっと見せてください。"
"저것","あれ","pronoun","1","word","‹저것›은 얼마예요?","‹あれ›はいくらですか？"
"무엇","何","pronoun","1","word","‹무엇›을 해요?","‹何›をしますか？"
"누구","誰","pronoun","1","word","‹누구›를 기다려요?","‹誰›を待っていますか？"
"어디","どこ","pronoun","1","word","집이 ‹어디›예요?","家は‹どこ›ですか？"
"이","この","determiner","1","word","‹이› 책은 재미있어요.","‹この›本は面白いです。"
"몇","いくつの","determiner","3","word","사과 ‹몇› 개 드릴까요?","りんご‹何›個あげましょうか？"
"어느","どの","determiner","3","word","‹어느› 나라에서 왔어요?","‹どの›国から来ましたか？"
"다른","別の","determiner","3","word","‹다른› 색깔은 없어요?","‹別の›色はありませんか？"
"같은","同じ","determiner","3","word","우리는 ‹같은› 학교에 다녀요.","私たちは‹同じ›学校に通っています。"
"모든","すべての","determiner","4","word","‹모든› 준비가 끝났어요.","‹すべての›準備が終わりました。"
"그리고","そして","other","1","word","빵을 사고 ‹그리고› 우유도 샀어요.","パンを買って、‹そして›牛乳も買いました。"
"하지만","しかし","other","2","word","가고 싶어요. ‹하지만› 시간이 없어요.","行きたいです。‹しかし›時間がありません。"
"그래서","それで","other","2","word","비가 와요. ‹그래서› 우산을 가져왔어요.","雨が降っています。‹それで›傘を持ってきました。"
"아/어도 되다","〜してもよい","other","3","phrase","여기에 ‹앉아도 돼요›?","ここに‹座ってもいいですか›？"
"아/어서","〜して（理由/順接）","other","3","phrase","‹늦어서› 죄송합니다.","‹遅れて›すみません。"
"아","ああ","interjection","1","word","‹아›, 그렇군요.","‹あ›、そうなんですね。"
"어","えー","interjection","1","word","‹어›, 이게 뭐지?","‹おや›、これは何だ？"
"응","うん","interjection","1","word","‹응›, 나도 알아.","‹うん›、私も知ってるよ。"
"아이고","あいご","interjection","2","word","‹아이고›, 깜빡했네요.","‹アイゴ›、うっかりしていました。"
"어머","おや","interjection","2","word","‹어머›, 정말 예쁘네요!","‹あら›、本当にきれいですね！"
"와","わあ","interjection","1","word","‹와›, 대단해요!","‹わあ›、すごいですね！"
"다행이다","よかった（幸いだ）","interjection","4","word","비가 안 와서 ‹다행이에요›.","雨が降らなくて‹よかったです›。"
"손을 씻다","手を洗う","verb","1","phrase","밥 먹기 전에 ‹손을 씻어요›.","ご飯を食べる前に‹手を洗います›。"
"시간이 나다","時間ができる","verb","3","phrase","주말에 ‹시간이 나면› 같이 가요.","週末に‹時間ができたら›一緒に行きましょう。"
"마음에 들다","気に入る","verb","3","phrase","이 옷이 ‹마음에 들어요›.","この服が‹気に入りました›。"
"잠자리에 들다","床に就く","verb","3","phrase","일찍 ‹잠자리에 들›었어요.","早く‹床に就き›ました。"
"출근하다","出勤する","verb","2","phrase","9시에 ‹출근해›요.","9時に‹出勤し›ます。"
"퇴근하다","退勤する","verb","2","phrase","6시에 ‹퇴근했›어요.","6時に‹退勤し›ました。"
"전화하다","電話する","verb","1","phrase","이따가 ‹전화할›게요.","後で‹電話し›ます。"
"인사하다","あいさつする","verb","2","phrase","선생님께 ‹인사했›어요.","先生に‹挨拶し›ました。"
"사과하다","謝る","verb","3","phrase","친구에게 ‹사과했›어요.","友達に‹謝り›ました。"
"축하하다","祝う","verb","3","phrase","생일을 ‹축하해›요!","誕生日お‹めでとう›！"
"약속하다","約束する","verb","3","phrase","다시는 안 늦기로 ‹약속했›어요.","二度と遅れないと‹約束し›ました。"
"늦다","遅れる","verb","1","word","학교에 ‹늦›지 마세요.","学校に‹遅れ›ないでください。"
"귀가 얇다","人の言いなりだ","other","5","idiom","그는 ‹귀가 얇아›서 잘 속아요.","彼は‹耳が薄い（人の言葉を信じやすい）›ので騙されやすいです。"
"코가 높다","鼻が高い","other","5","idiom","‹코가 높›은 사람이에요.","‹鼻が高い（プライドが高い）›人です。"
"손이 크다","気前がいい","other","5","idiom","우리 할머니는 ‹손이 크›세요.","うちのおばあちゃんは‹手が大きい（気前がいい）›です。"
"눈치가 빠르다","空気が読める","other","5","idiom","동생은 ‹눈치가 빨라›요.","妹（弟）は‹勘が鋭い（空気が読める）›です。"
"입이 가볍다","口が軽い","other","5","idiom","그 사람은 ‹입이 가벼우›니 조심하세요.","あの人は‹口が軽い›ので気をつけてください。"
"입이 무겁다","口が堅い","adj","5","idiom","그는 ‹입이 무거워서› 비밀을 잘 지켜요.","彼は‹口が堅くて›秘密をよく守ります。"
"눈이 높다","目が肥えている","adj","5","idiom","그 사람은 ‹눈이 높아서› 고르기 어려워요.","その人は‹目が肥えていて›選ぶのが難しいです。"
"발이 넓다","顔が広い","adj","6","idiom","선배는 ‹발이 넓어서› 아는 사람이 많아요.","先輩は‹顔が広くて›知り合いが多いです。"
